marketId,outcome,finalBtcPrice,strikePrice,priceDiff,priceDiffPct,yesShares,noShares,yesCost,noCost,totalCost,yesPayout,noPayout,totalPayout,pnl,roi
0x1b191f32311521,UP,90149.76,90031.27,118.49,0.1316%,10,0,7.7000,0.0000,7.7000,10.0000,0.0000,10.0000,2.3000,29.87%
0x8d8c310223f7f0,UP,90214.08,90155.38,58.70,0.0651%,30,20,18.7000,4.4000,23.1000,30.0000,0.0000,30.0000,6.9000,29.87%
0xc3ab35e6e22de9,UP,90341.96,90199.48,142.48,0.1580%,0,20,0.0000,6.7000,6.7000,0.0000,0.0000,0.0000,-6.7000,-100.00%
0x07d4e905f4b00d,DOWN,90324.34,90340.67,-16.33,-0.0181%,0,70,0.0000,30.2000,30.2000,0.0000,70.0000,70.0000,39.8000,131.79%
0x1c0bc198183cd5,DOWN,90307.16,90358.03,-50.87,-0.0563%,10,50,3.8000,27.0000,30.8000,0.0000,50.0000,50.0000,19.2000,62.34%
0x123868c20e95fd,UP,90341.24,90311.50,29.74,0.0329%,0,30,0.0000,10.5000,10.5000,0.0000,0.0000,0.0000,-10.5000,-100.00%
0x87871ec29aa45c,UP,90328.07,90322.74,5.33,0.0059%,0,30,0.0000,12.6000,12.6000,0.0000,0.0000,0.0000,-12.6000,-100.00%
0xc6712a93802fe7,DOWN,90148.08,90333.99,-185.91,-0.2058%,0,20,0.0000,12.0000,12.0000,0.0000,20.0000,20.0000,8.0000,66.67%
0x77e38113a679ad,UP,90229.91,90155.12,74.79,0.0830%,0,10,0.0000,4.7000,4.7000,0.0000,0.0000,0.0000,-4.7000,-100.00%
0x1190f7be5cd253,DOWN,90277.31,90319.39,-42.08,-0.0466%,10,10,0.6000,6.8000,7.4000,0.0000,10.0000,10.0000,2.6000,35.14%
0x631e445315cfb1,DOWN,90232.77,90286.39,-53.62,-0.0594%,0,40,0.0000,26.1000,26.1000,0.0000,40.0000,40.0000,13.9000,53.26%
0xc818fa17480be4,UP,90285.28,90239.14,46.14,0.0511%,0,10,0.0000,1.2000,1.2000,0.0000,0.0000,0.0000,-1.2000,-100.00%
0xe8f8cafd1c8d66,UP,90326.24,90318.44,7.80,0.0086%,0,30,0.0000,7.6000,7.6000,0.0000,0.0000,0.0000,-7.6000,-100.00%
0xe34554c7fa7429,UP,90384.34,90333.72,50.62,0.0560%,10,30,3.8000,12.0000,15.8000,10.0000,0.0000,10.0000,-5.8000,-36.71%
0x3656dff41fd207,DOWN,90371.81,90396.40,-24.59,-0.0272%,10,70,1.3000,31.2000,32.5000,0.0000,70.0000,70.0000,37.5000,115.38%
0xc4119901335ee4,DOWN,90376.38,90388.05,-11.67,-0.0129%,0,100,0.0000,53.5000,53.5000,0.0000,100.0000,100.0000,46.5000,86.92%
0x4bcc44bf1eeff6,DOWN,90351.06,90387.46,-36.40,-0.0403%,0,70,0.0000,40.8000,40.8000,0.0000,70.0000,70.0000,29.2000,71.57%
0x906d25c9660cc6,UP,90342.91,90293.09,49.82,0.0552%,0,70,0.0000,29.4000,29.4000,0.0000,0.0000,0.0000,-29.4000,-100.00%
0xce28c56fb40d53,DOWN,90278.36,90329.37,-51.01,-0.0565%,0,30,0.0000,17.9000,17.9000,0.0000,30.0000,30.0000,12.1000,67.60%
0xc04c3e2a66fae2,UP,90332.93,90292.76,40.17,0.0445%,0,100,0.0000,38.1000,38.1000,0.0000,0.0000,0.0000,-38.1000,-100.00%
0xcc8ae57c0bfb9f,UP,90351.45,90347.25,4.20,0.0046%,0,50,0.0000,14.8000,14.8000,0.0000,0.0000,0.0000,-14.8000,-100.00%
0x252135811f3106,DOWN,90338.00,90365.92,-27.92,-0.0309%,0,80,0.0000,48.1000,48.1000,0.0000,80.0000,80.0000,31.9000,66.32%
0x046aebe2ce0e7b,UP,90381.94,90349.54,32.40,0.0359%,0,40,0.0000,11.4000,11.4000,0.0000,0.0000,0.0000,-11.4000,-100.00%
0x8dd96ccea8af6e,UP,90366.91,90341.57,25.34,0.0281%,10,80,7.9000,35.4000,43.3000,10.0000,0.0000,10.0000,-33.3000,-76.91%
0x89dac18bf3f74e,UP,90467.70,90447.69,20.01,0.0221%,20,80,10.3000,22.8000,33.1000,20.0000,0.0000,20.0000,-13.1000,-39.58%
0xa6c1f0ee5d7b49,DOWN,90422.57,90473.69,-51.12,-0.0565%,10,40,6.9000,12.4000,19.3000,0.0000,40.0000,40.0000,20.7000,107.25%
0xec5ac50a28b50d,UP,90603.06,90516.23,86.83,0.0959%,0,10,0.0000,3.4000,3.4000,0.0000,0.0000,0.0000,-3.4000,-100.00%
0x288e39695c07dd,DOWN,90595.13,90618.67,-23.54,-0.0260%,0,20,0.0000,13.0000,13.0000,0.0000,20.0000,20.0000,7.0000,53.85%
0x2b610658df2ce2,DOWN,90358.77,90469.99,-111.22,-0.1229%,0,20,0.0000,10.3000,10.3000,0.0000,20.0000,20.0000,9.7000,94.17%
0xbec6a72c156a4d,DOWN,90330.36,90376.43,-46.07,-0.0510%,10,100,4.2000,46.7000,50.9000,0.0000,100.0000,100.0000,49.1000,96.46%
0x8e595ec31cd08e,UP,90341.05,90320.11,20.94,0.0232%,0,100,0.0000,35.5000,35.5000,0.0000,0.0000,0.0000,-35.5000,-100.00%
0x83582df4e34347,DOWN,90334.46,90362.84,-28.38,-0.0314%,0,100,0.0000,37.5000,37.5000,0.0000,100.0000,100.0000,62.5000,166.67%
0x4d99cb73c2ac5b,DOWN,90229.99,90355.78,-125.79,-0.1392%,0,40,0.0000,15.1000,15.1000,0.0000,40.0000,40.0000,24.9000,164.90%
0xe74b68ac7f9d31,DOWN,90236.60,90242.79,-6.19,-0.0069%,0,90,0.0000,31.6000,31.6000,0.0000,90.0000,90.0000,58.4000,184.81%
0x51f9210bc9566f,DOWN,89961.12,90309.73,-348.61,-0.3860%,0,40,0.0000,27.5000,27.5000,0.0000,40.0000,40.0000,12.5000,45.45%
0x9006eaafe0138c,UP,90141.84,90096.77,45.07,0.0500%,0,50,0.0000,6.4000,6.4000,0.0000,0.0000,0.0000,-6.4000,-100.00%
0x1ea9cd3a8fbc1d,DOWN,90102.58,90154.89,-52.31,-0.0580%,0,50,0.0000,29.3000,29.3000,0.0000,50.0000,50.0000,20.7000,70.65%
0x688dc5feb3e0b0,UP,90087.28,90072.29,14.99,0.0166%,0,100,0.0000,21.1000,21.1000,0.0000,0.0000,0.0000,-21.1000,-100.00%
0xeffa8cd182fa77,DOWN,90071.33,90108.74,-37.41,-0.0415%,10,30,0.6000,17.7000,18.3000,0.0000,30.0000,30.0000,11.7000,63.93%
0xaa2c9f97bed3d6,DOWN,90009.12,90086.59,-77.47,-0.0860%,0,50,0.0000,27.5000,27.5000,0.0000,50.0000,50.0000,22.5000,81.82%
0xdf2ad1cb08fc37,DOWN,90052.61,90115.28,-62.67,-0.0695%,0,70,0.0000,46.9000,46.9000,0.0000,70.0000,70.0000,23.1000,49.25%
0xb1a0ebd630a61f,UP,90178.85,90074.54,104.31,0.1158%,0,40,0.0000,12.6000,12.6000,0.0000,0.0000,0.0000,-12.6000,-100.00%
0x1fbe25914697e9,DOWN,90161.89,90191.18,-29.29,-0.0325%,10,60,1.6000,37.7000,39.3000,0.0000,60.0000,60.0000,20.7000,52.67%
0x1a25ddd79a2bad,DOWN,90140.01,90169.53,-29.52,-0.0327%,0,60,0.0000,33.8000,33.8000,0.0000,60.0000,60.0000,26.2000,77.51%
0x8898f5ca97dcfa,UP,90218.41,90146.45,71.96,0.0798%,0,30,0.0000,15.2000,15.2000,0.0000,0.0000,0.0000,-15.2000,-100.00%
0x3b0b5ca8902b25,DOWN,90141.80,90165.15,-23.35,-0.0259%,10,90,1.9000,44.0000,45.9000,0.0000,90.0000,90.0000,44.1000,96.08%
0x7e4de3242f8ff3,DOWN,90088.31,90158.71,-70.40,-0.0781%,0,100,0.0000,52.9000,52.9000,0.0000,100.0000,100.0000,47.1000,89.04%
0xb0c78791e8986b,DOWN,89994.84,90109.51,-114.67,-0.1273%,0,60,0.0000,36.7000,36.7000,0.0000,60.0000,60.0000,23.3000,63.49%
0xec4c76e3fcb121,DOWN,89962.32,90018.79,-56.47,-0.0627%,0,100,0.0000,54.4000,54.4000,0.0000,100.0000,100.0000,45.6000,83.82%
0xd3b532425cd64a,UP,90175.97,90070.05,105.92,0.1176%,0,30,0.0000,8.0000,8.0000,0.0000,0.0000,0.0000,-8.0000,-100.00%
0x5d2f539daaf991,UP,90090.36,90072.38,17.98,0.0200%,10,100,5.6000,23.4000,29.0000,10.0000,0.0000,10.0000,-19.0000,-65.52%
0x86fc227f5a3421,UP,90165.75,90111.20,54.55,0.0605%,0,60,0.0000,9.2000,9.2000,0.0000,0.0000,0.0000,-9.2000,-100.00%
0x0dc89aa621d8ab,UP,90183.00,90153.02,29.98,0.0333%,10,70,5.0000,21.6000,26.6000,10.0000,0.0000,10.0000,-16.6000,-62.41%
0xb0314df3ef2b4a,UP,90233.68,90216.15,17.53,0.0194%,0,80,0.0000,14.8000,14.8000,0.0000,0.0000,0.0000,-14.8000,-100.00%
0x8ca15aa07e0d0c,DOWN,90240.01,90253.24,-13.23,-0.0147%,0,90,0.0000,23.8000,23.8000,0.0000,90.0000,90.0000,66.2000,278.15%
0x8ac6a6a23c9075,UP,90304.71,90293.46,11.25,0.0125%,0,50,0.0000,21.0000,21.0000,0.0000,0.0000,0.0000,-21.0000,-100.00%
0x55b52878ddbee0,DOWN,90340.00,90472.93,-132.93,-0.1469%,0,10,0.0000,5.5000,5.5000,0.0000,10.0000,10.0000,4.5000,81.82%
0x5efad93055ff33,UP,90374.24,90357.17,17.07,0.0189%,0,50,0.0000,18.6000,18.6000,0.0000,0.0000,0.0000,-18.6000,-100.00%
0x05a0f3423791e5,DOWN,90226.01,90444.72,-218.71,-0.2418%,0,20,0.0000,11.6000,11.6000,0.0000,20.0000,20.0000,8.4000,72.41%
0xc8b2739a3cc74d,UP,90293.29,90243.71,49.58,0.0549%,0,100,0.0000,32.1000,32.1000,0.0000,0.0000,0.0000,-32.1000,-100.00%
0xb903174b373805,DOWN,90354.86,90364.40,-9.54,-0.0106%,0,90,0.0000,27.9000,27.9000,0.0000,90.0000,90.0000,62.1000,222.58%
0x0d17ddb785eb0b,DOWN,90289.96,90312.41,-22.45,-0.0249%,0,80,0.0000,46.3000,46.3000,0.0000,80.0000,80.0000,33.7000,72.79%
0x729edfc4547edc,DOWN,90277.97,90289.58,-11.61,-0.0129%,0,90,0.0000,46.7000,46.7000,0.0000,90.0000,90.0000,43.3000,92.72%
0xd932daa63c6823,UP,90287.97,90279.07,8.90,0.0099%,10,100,4.5000,45.3000,49.8000,10.0000,0.0000,10.0000,-39.8000,-79.92%
0xa1d331fab49899,DOWN,90164.78,90318.41,-153.63,-0.1701%,0,100,0.0000,48.5000,48.5000,0.0000,100.0000,100.0000,51.5000,106.19%
0xc692a8dfb215a3,UP,90158.06,90116.42,41.64,0.0462%,0,100,0.0000,41.8000,41.8000,0.0000,0.0000,0.0000,-41.8000,-100.00%
0x9cf9ac03f8af5a,UP,90199.06,90183.31,15.75,0.0175%,0,100,0.0000,31.0000,31.0000,0.0000,0.0000,0.0000,-31.0000,-100.00%
0x0284b9927a78bb,DOWN,90197.98,90214.62,-16.64,-0.0184%,0,60,0.0000,26.8000,26.8000,0.0000,60.0000,60.0000,33.2000,123.88%
0xd4da4824671cfe,DOWN,90101.36,90211.27,-109.91,-0.1218%,0,20,0.0000,6.5000,6.5000,0.0000,20.0000,20.0000,13.5000,207.69%
0x13d8b76dcc5b3b,DOWN,90145.26,90187.89,-42.63,-0.0473%,0,40,0.0000,25.1000,25.1000,0.0000,40.0000,40.0000,14.9000,59.36%
0x054a402d3e2b20,DOWN,90111.76,90167.24,-55.48,-0.0615%,0,70,0.0000,46.5000,46.5000,0.0000,70.0000,70.0000,23.5000,50.54%
0x12131c737596b9,DOWN,90134.13,90135.55,-1.42,-0.0016%,0,100,0.0000,45.7000,45.7000,0.0000,100.0000,100.0000,54.3000,118.82%
0x80d728b24fe5a4,UP,90245.60,90157.72,87.88,0.0975%,0,50,0.0000,23.9000,23.9000,0.0000,0.0000,0.0000,-23.9000,-100.00%
0x246d4f8d1fb6c2,DOWN,90180.00,90223.81,-43.81,-0.0486%,0,100,0.0000,34.1000,34.1000,0.0000,100.0000,100.0000,65.9000,193.26%
0x882f09ef640bc3,DOWN,90166.96,90202.52,-35.56,-0.0394%,0,100,0.0000,47.0000,47.0000,0.0000,100.0000,100.0000,53.0000,112.77%
0x313be56ce6edc5,DOWN,90086.33,90130.37,-44.04,-0.0489%,0,100,0.0000,34.0000,34.0000,0.0000,100.0000,100.0000,66.0000,194.12%
0x163b859f6d47ab,DOWN,89802.55,90034.22,-231.67,-0.2573%,0,90,0.0000,43.2000,43.2000,0.0000,90.0000,90.0000,46.8000,108.33%
0x8dc014334a3bcb,DOWN,89853.69,89935.53,-81.84,-0.0910%,0,20,0.0000,11.7000,11.7000,0.0000,20.0000,20.0000,8.3000,70.94%
0x2b27f0a1353f47,DOWN,89514.85,89755.39,-240.54,-0.2680%,0,30,0.0000,19.2000,19.2000,0.0000,30.0000,30.0000,10.8000,56.25%
0x68b858906726fc,DOWN,89322.76,89377.92,-55.16,-0.0617%,0,10,0.0000,5.3000,5.3000,0.0000,10.0000,10.0000,4.7000,88.68%
0xb440f6bcdb54c1,DOWN,89350.85,89508.01,-157.16,-0.1756%,10,20,5.3000,10.6000,15.9000,0.0000,20.0000,20.0000,4.1000,25.79%
0x1c6283407e8276,DOWN,89279.99,89362.90,-82.91,-0.0928%,0,30,0.0000,17.0000,17.0000,0.0000,30.0000,30.0000,13.0000,76.47%
0xd3a82154581d54,UP,89118.04,88992.69,125.35,0.1409%,20,20,9.8000,7.0000,16.8000,20.0000,0.0000,20.0000,3.2000,19.05%
0xcdb84421b86a2d,DOWN,89015.96,89123.48,-107.52,-0.1206%,0,50,0.0000,27.8000,27.8000,0.0000,50.0000,50.0000,22.2000,79.86%
0xf3b014d8c8bb7c,DOWN,89018.08,89028.66,-10.58,-0.0119%,20,30,11.2000,12.1000,23.3000,0.0000,30.0000,30.0000,6.7000,28.76%
0xbcebc83edb35d7,DOWN,89022.91,89073.45,-50.54,-0.0567%,10,0,1.2000,0.0000,1.2000,0.0000,0.0000,0.0000,-1.2000,-100.00%
0x01a73786f687c8,UP,89261.11,89037.10,224.01,0.2516%,10,0,6.7000,0.0000,6.7000,10.0000,0.0000,10.0000,3.3000,49.25%
0xd5f2fec29575bd,UP,88836.98,88831.39,5.59,0.0063%,0,20,0.0000,13.5000,13.5000,0.0000,0.0000,0.0000,-13.5000,-100.00%
0x460aeab87bdd79,DOWN,88685.36,88839.39,-154.03,-0.1734%,0,20,0.0000,5.5000,5.5000,0.0000,20.0000,20.0000,14.5000,263.64%
0xf0e80d00d5f94a,UP,88782.71,88701.92,80.79,0.0911%,10,20,4.7000,5.9000,10.6000,10.0000,0.0000,10.0000,-0.6000,-5.66%
0xa001bea0ecead3,UP,88810.67,88785.66,25.01,0.0282%,20,40,13.3000,6.9000,20.2000,20.0000,0.0000,20.0000,-0.2000,-0.99%
0x87f8a3b0b01913,UP,88928.93,88824.30,104.63,0.1178%,0,10,0.0000,5.7000,5.7000,0.0000,0.0000,0.0000,-5.7000,-100.00%
0x88438ad5c68ad4,DOWN,88748.98,89016.19,-267.21,-0.3002%,0,10,0.0000,5.6000,5.6000,0.0000,10.0000,10.0000,4.4000,78.57%
0x5f0fb236438c22,DOWN,88711.11,88762.88,-51.77,-0.0583%,0,10,0.0000,5.2000,5.2000,0.0000,10.0000,10.0000,4.8000,92.31%
0x9de4110eeffd1b,DOWN,88602.50,88725.90,-123.40,-0.1391%,0,10,0.0000,4.0000,4.0000,0.0000,10.0000,10.0000,6.0000,150.00%
0xff3315a66e6b7c,DOWN,88658.53,88812.61,-154.08,-0.1735%,0,40,0.0000,24.4000,24.4000,0.0000,40.0000,40.0000,15.6000,63.93%
0xb44c4d2e6cdba9,DOWN,88658.56,88672.85,-14.29,-0.0161%,10,50,5.1000,21.4000,26.5000,0.0000,50.0000,50.0000,23.5000,88.68%
0xe9e730f926a7e8,DOWN,88558.97,88668.01,-109.04,-0.1230%,0,10,0.0000,4.8000,4.8000,0.0000,10.0000,10.0000,5.2000,108.33%
0xefbfd31643994f,UP,88572.25,88544.75,27.50,0.0311%,10,50,6.2000,6.5000,12.7000,10.0000,0.0000,10.0000,-2.7000,-21.26%
0x1a869cddff2ca1,DOWN,88535.89,88600.48,-64.59,-0.0729%,20,30,7.0000,19.4000,26.4000,0.0000,30.0000,30.0000,3.6000,13.64%
0x1e9d0f10dad682,UP,88506.92,88461.85,45.07,0.0510%,20,20,13.8000,1.9000,15.7000,20.0000,0.0000,20.0000,4.3000,27.39%
0x8954a4160d9559,DOWN,88174.73,88390.68,-215.95,-0.2443%,0,30,0.0000,19.7000,19.7000,0.0000,30.0000,30.0000,10.3000,52.28%
0x5efca423c50e11,UP,88415.29,88186.07,229.22,0.2599%,10,30,6.4000,6.4000,12.8000,10.0000,0.0000,10.0000,-2.8000,-21.88%
0xf3dd23aa494a16,UP,88038.44,88032.39,6.05,0.0069%,0,30,0.0000,17.8000,17.8000,0.0000,0.0000,0.0000,-17.8000,-100.00%
0x151d1fe90e9ca2,UP,88172.17,88048.22,123.95,0.1408%,0,10,0.0000,0.9000,0.9000,0.0000,0.0000,0.0000,-0.9000,-100.00%
0x5e2215b9d8d73d,UP,88163.92,88159.48,4.44,0.0050%,10,10,5.2000,2.1000,7.3000,10.0000,0.0000,10.0000,2.7000,36.99%
0x375215ef11c7d3,UP,88465.90,88265.73,200.17,0.2268%,0,10,0.0000,3.4000,3.4000,0.0000,0.0000,0.0000,-3.4000,-100.00%
0xc690beace75740,UP,89381.58,89326.50,55.08,0.0617%,10,60,5.6000,14.4000,20.0000,10.0000,0.0000,10.0000,-10.0000,-50.00%
0x28b8cbb58647a9,UP,89282.60,89280.82,1.78,0.0020%,0,80,0.0000,25.2000,25.2000,0.0000,0.0000,0.0000,-25.2000,-100.00%
0x001b415b75c968,UP,89488.05,89285.76,202.29,0.2266%,10,10,6.0000,1.0000,7.0000,10.0000,0.0000,10.0000,3.0000,42.86%
0x0fa07d18a6cec4,DOWN,89649.01,89674.86,-25.85,-0.0288%,10,10,1.8000,6.2000,8.0000,0.0000,10.0000,10.0000,2.0000,25.00%
0x42c92e8eb05bde,UP,89704.75,89661.99,42.76,0.0477%,0,20,0.0000,2.4000,2.4000,0.0000,0.0000,0.0000,-2.4000,-100.00%
0x199e5df8228e98,UP,89569.36,89505.79,63.57,0.0710%,10,10,5.5000,2.8000,8.3000,10.0000,0.0000,10.0000,1.7000,20.48%
0x4732ec00597129,UP,89604.49,89570.55,33.94,0.0379%,0,20,0.0000,2.7000,2.7000,0.0000,0.0000,0.0000,-2.7000,-100.00%
0xb2cfef26791d9f,DOWN,89564.17,89749.21,-185.04,-0.2062%,10,10,5.1000,3.5000,8.6000,0.0000,10.0000,10.0000,1.4000,16.28%
0xdb75a82f297e73,UP,89865.12,89860.43,4.69,0.0052%,0,10,0.0000,5.3000,5.3000,0.0000,0.0000,0.0000,-5.3000,-100.00%
0xb5259e415da4c8,UP,89869.06,89829.18,39.88,0.0444%,0,10,0.0000,5.0000,5.0000,0.0000,0.0000,0.0000,-5.0000,-100.00%
0x76621961a0d91f,DOWN,89585.55,89807.29,-221.74,-0.2469%,0,10,0.0000,5.2000,5.2000,0.0000,10.0000,10.0000,4.8000,92.31%
0x755505e02d3f04,DOWN,89454.39,89649.82,-195.43,-0.2180%,0,10,0.0000,5.4000,5.4000,0.0000,10.0000,10.0000,4.6000,85.19%
0x09cb05bf1a96c9,UP,89573.13,89466.32,106.81,0.1194%,10,0,5.9000,0.0000,5.9000,10.0000,0.0000,10.0000,4.1000,69.49%
0xcc6e9f0a5993b9,UP,89470.15,89460.62,9.53,0.0107%,0,20,0.0000,14.3000,14.3000,0.0000,0.0000,0.0000,-14.3000,-100.00%
0x9dc8be7b99ff49,DOWN,89432.00,89477.16,-45.16,-0.0505%,10,20,5.4000,12.7000,18.1000,0.0000,20.0000,20.0000,1.9000,10.50%
0xf3b2007bee0711,DOWN,89390.19,89601.62,-211.43,-0.2360%,0,10,0.0000,5.7000,5.7000,0.0000,10.0000,10.0000,4.3000,75.44%
0xd0cf282b3aa5cd,DOWN,89261.77,89394.41,-132.64,-0.1484%,10,30,8.0000,20.4000,28.4000,0.0000,30.0000,30.0000,1.6000,5.63%
0x655f3e38670a5c,DOWN,88050.01,89262.53,-1212.52,-1.3584%,0,10,0.0000,5.2000,5.2000,0.0000,10.0000,10.0000,4.8000,92.31%
0xee6c50ed554030,DOWN,87476.92,88051.55,-574.63,-0.6526%,10,50,1.7000,33.8000,35.5000,0.0000,50.0000,50.0000,14.5000,40.85%
0x140571b5be6c16,UP,87203.55,86858.34,345.21,0.3974%,20,20,5.6000,9.4000,15.0000,20.0000,0.0000,20.0000,5.0000,33.33%
0x0be2de6a60a95a,UP,86910.81,86885.04,25.77,0.0297%,0,20,0.0000,3.4000,3.4000,0.0000,0.0000,0.0000,-3.4000,-100.00%
0x10ac602a06d9f5,DOWN,85842.29,86183.32,-341.03,-0.3957%,0,10,0.0000,6.8000,6.8000,0.0000,10.0000,10.0000,3.2000,47.06%
0xce606626b865ab,DOWN,86015.61,86053.88,-38.27,-0.0445%,40,20,20.2000,8.4000,28.6000,0.0000,20.0000,20.0000,-8.6000,-30.07%
0x10a23286fba499,UP,86243.78,86002.72,241.06,0.2803%,10,0,5.6000,0.0000,5.6000,10.0000,0.0000,10.0000,4.4000,78.57%
0x81d713a5896de1,DOWN,86045.29,86211.67,-166.38,-0.1930%,0,10,0.0000,7.5000,7.5000,0.0000,10.0000,10.0000,2.5000,33.33%
0x5eb71a6f5fb667,DOWN,86019.97,86027.79,-7.82,-0.0091%,80,20,22.6000,11.8000,34.4000,0.0000,20.0000,20.0000,-14.4000,-41.86%
0xd3d9aa0b4fcd14,UP,86045.93,86001.26,44.67,0.0519%,0,10,0.0000,5.4000,5.4000,0.0000,0.0000,0.0000,-5.4000,-100.00%
0x224d99f92f8291,UP,86259.31,86018.80,240.51,0.2796%,20,0,8.8000,0.0000,8.8000,20.0000,0.0000,20.0000,11.2000,127.27%
0xe17e38e24b2100,UP,86450.85,86246.31,204.54,0.2372%,20,0,9.1000,0.0000,9.1000,20.0000,0.0000,20.0000,10.9000,119.78%
0xa8656c115eb58d,UP,86472.70,86214.73,257.97,0.2992%,20,0,11.0000,0.0000,11.0000,20.0000,0.0000,20.0000,9.0000,81.82%
0x17ef602f9fa587,DOWN,86432.08,86449.26,-17.18,-0.0199%,60,0,16.3000,0.0000,16.3000,0.0000,0.0000,0.0000,-16.3000,-100.00%
0x2ad1b4e950588f,DOWN,86323.21,86419.84,-96.63,-0.1118%,0,10,0.0000,5.6000,5.6000,0.0000,10.0000,10.0000,4.4000,78.57%
0xfd640fbb7441db,UP,86097.77,85853.92,243.85,0.2840%,10,10,5.5000,4.9000,10.4000,10.0000,0.0000,10.0000,-0.4000,-3.85%
0xe3964de3d3e8d3,DOWN,85834.43,85898.05,-63.62,-0.0741%,0,10,0.0000,6.6000,6.6000,0.0000,10.0000,10.0000,3.4000,51.52%
0x5337b58a2d4494,UP,85891.02,85829.52,61.50,0.0716%,20,10,10.0000,5.3000,15.3000,20.0000,0.0000,20.0000,4.7000,30.72%
0xe8292c4d311fd5,UP,85982.11,85881.11,101.00,0.1176%,40,30,24.6000,7.2000,31.8000,40.0000,0.0000,40.0000,8.2000,25.79%
0x7b113ce40db8bb,DOWN,86130.18,86182.64,-52.46,-0.0609%,30,0,4.1000,0.0000,4.1000,0.0000,0.0000,0.0000,-4.1000,-100.00%
0xff9851d46ca8a2,UP,85786.65,85689.07,97.58,0.1139%,10,0,5.1000,0.0000,5.1000,10.0000,0.0000,10.0000,4.9000,96.08%
0xb5774bc4aa5a29,DOWN,85800.01,85857.33,-57.32,-0.0668%,50,20,8.9000,10.8000,19.7000,0.0000,20.0000,20.0000,0.3000,1.52%
0x959f756db056ab,UP,85646.25,85632.01,14.24,0.0166%,40,20,10.8000,11.7000,22.5000,40.0000,0.0000,40.0000,17.5000,77.78%
0x07ef74eb8fbe4c,UP,85838.51,85632.37,206.14,0.2407%,10,0,1.7000,0.0000,1.7000,10.0000,0.0000,10.0000,8.3000,488.24%
0xbbb694a134d368,UP,86402.16,86400.50,1.66,0.0019%,90,0,38.5000,0.0000,38.5000,90.0000,0.0000,90.0000,51.5000,133.77%
0x0751f3aa8d2ded,UP,86365.62,86255.03,110.59,0.1282%,30,20,19.9000,6.5000,26.4000,30.0000,0.0000,30.0000,3.6000,13.64%
0x0f62703299855e,DOWN,86403.78,86438.78,-35.00,-0.0405%,90,0,40.0000,0.0000,40.0000,0.0000,0.0000,0.0000,-40.0000,-100.00%
0x8297641d59c05e,DOWN,86980.01,87119.44,-139.43,-0.1600%,40,20,17.1000,11.4000,28.5000,0.0000,20.0000,20.0000,-8.5000,-29.82%
0x976a49ad1b3b65,DOWN,87146.72,87224.70,-77.98,-0.0894%,20,0,7.3000,0.0000,7.3000,0.0000,0.0000,0.0000,-7.3000,-100.00%
0xa222d2e096dd7a,UP,87255.12,87144.70,110.42,0.1267%,10,0,3.7000,0.0000,3.7000,10.0000,0.0000,10.0000,6.3000,170.27%
0x8938a6d79b6943,DOWN,86933.99,87358.32,-424.33,-0.4857%,20,40,6.7000,26.6000,33.3000,0.0000,40.0000,40.0000,6.7000,20.12%
0x1152bf6b736f85,UP,87105.67,86916.37,189.30,0.2178%,10,10,5.4000,1.0000,6.4000,10.0000,0.0000,10.0000,3.6000,56.25%
0x52751ba997bf4b,DOWN,87233.97,87278.80,-44.83,-0.0514%,30,0,9.0000,0.0000,9.0000,0.0000,0.0000,0.0000,-9.0000,-100.00%
0x2c816f05c7b7e4,DOWN,87163.39,87222.11,-58.72,-0.0673%,10,0,2.7000,0.0000,2.7000,0.0000,0.0000,0.0000,-2.7000,-100.00%
0xddda3ef44511a7,UP,87328.43,87143.93,184.50,0.2117%,10,0,4.5000,0.0000,4.5000,10.0000,0.0000,10.0000,5.5000,122.22%
0x6ba9f7415c2d76,UP,87766.45,87570.47,195.98,0.2238%,10,0,5.1000,0.0000,5.1000,10.0000,0.0000,10.0000,4.9000,96.08%
0x6b3515bedcd4b3,DOWN,87224.61,87325.11,-100.50,-0.1151%,20,0,12.7000,0.0000,12.7000,0.0000,0.0000,0.0000,-12.7000,-100.00%
0xe9d8fcf809c1a6,DOWN,87131.99,87213.18,-81.19,-0.0931%,20,20,7.6000,11.6000,19.2000,0.0000,20.0000,20.0000,0.8000,4.17%
0xb7ad2a4a8cc6d1,UP,87906.41,87378.05,528.36,0.6047%,10,0,5.5000,0.0000,5.5000,10.0000,0.0000,10.0000,4.5000,81.82%
0x0756aab92a74c5,UP,87438.48,87314.89,123.59,0.1415%,50,10,30.9000,1.6000,32.5000,50.0000,0.0000,50.0000,17.5000,53.85%
0xf9fd48acf053f4,UP,87552.52,87451.60,100.92,0.1154%,40,0,18.2000,0.0000,18.2000,40.0000,0.0000,40.0000,21.8000,119.78%
0x6b04183335d250,UP,87764.62,87533.15,231.47,0.2644%,10,0,5.3000,0.0000,5.3000,10.0000,0.0000,10.0000,4.7000,88.68%
0x0bc6851be659b9,DOWN,87768.59,87864.49,-95.90,-0.1091%,30,0,10.1000,0.0000,10.1000,0.0000,0.0000,0.0000,-10.1000,-100.00%
0x4de8ab3e8dc448,DOWN,87259.56,87324.77,-65.21,-0.0747%,40,0,8.1000,0.0000,8.1000,0.0000,0.0000,0.0000,-8.1000,-100.00%
0xc238a209440766,DOWN,87213.59,87239.46,-25.87,-0.0297%,40,0,8.6000,0.0000,8.6000,0.0000,0.0000,0.0000,-8.6000,-100.00%
0x60b90a83b7fea7,DOWN,86868.24,87026.39,-158.15,-0.1817%,30,10,7.8000,3.0000,10.8000,0.0000,10.0000,10.0000,-0.8000,-7.41%
0xa6baf9182a3412,UP,86777.98,86776.74,1.24,0.0014%,100,0,29.8000,0.0000,29.8000,100.0000,0.0000,100.0000,70.2000,235.57%
0x3014eae5404357,DOWN,86662.31,86747.95,-85.64,-0.0987%,40,10,14.3000,3.3000,17.6000,0.0000,10.0000,10.0000,-7.6000,-43.18%
0x88bc6cd1261120,UP,86736.37,86632.82,103.55,0.1195%,40,0,25.7000,0.0000,25.7000,40.0000,0.0000,40.0000,14.3000,55.64%
0x560c08e645adcd,UP,87018.96,86705.36,313.60,0.3617%,20,0,14.0000,0.0000,14.0000,20.0000,0.0000,20.0000,6.0000,42.86%
0xf9af02e4039e2a,DOWN,86336.08,86457.82,-121.74,-0.1408%,10,10,4.2000,7.4000,11.6000,0.0000,10.0000,10.0000,-1.6000,-13.79%
0xc729fe643a5a52,UP,86444.36,86306.14,138.22,0.1601%,30,10,16.6000,3.8000,20.4000,30.0000,0.0000,30.0000,9.6000,47.06%
0x19f911e0232568,UP,86719.90,86542.23,177.67,0.2053%,20,10,9.0000,3.5000,12.5000,20.0000,0.0000,20.0000,7.5000,60.00%
0x3c8b2f6f5d3a50,UP,86844.58,86593.38,251.20,0.2901%,30,0,15.4000,0.0000,15.4000,30.0000,0.0000,30.0000,14.6000,94.81%
0x1660b6aa95d1da,DOWN,86847.47,87057.91,-210.44,-0.2417%,80,10,36.5000,7.0000,43.5000,0.0000,10.0000,10.0000,-33.5000,-77.01%
0xa6fe0b03013ddc,UP,86875.18,86624.54,250.64,0.2893%,30,0,17.5000,0.0000,17.5000,30.0000,0.0000,30.0000,12.5000,71.43%
0x0caeae2a7bca3c,DOWN,86355.50,86839.36,-483.86,-0.5572%,10,0,3.2000,0.0000,3.2000,0.0000,0.0000,0.0000,-3.2000,-100.00%
0x112e5d1039e068,UP,86427.12,86328.99,98.13,0.1137%,30,20,17.1000,5.3000,22.4000,30.0000,0.0000,30.0000,7.6000,33.93%
0x3dde157f29ba65,UP,86561.16,86390.94,170.22,0.1970%,10,0,5.7000,0.0000,5.7000,10.0000,0.0000,10.0000,4.3000,75.44%
0xa4e67a9d49ce02,DOWN,85641.54,85673.86,-32.32,-0.0377%,10,0,3.9000,0.0000,3.9000,0.0000,0.0000,0.0000,-3.9000,-100.00%
0xa7a38b99cc5785,UP,86018.53,85601.50,417.03,0.4872%,20,0,13.0000,0.0000,13.0000,20.0000,0.0000,20.0000,7.0000,53.85%
0xba1a352c4538b8,UP,86139.53,85653.44,486.09,0.5675%,20,0,13.7000,0.0000,13.7000,20.0000,0.0000,20.0000,6.3000,45.99%
0x57f2b272a8d645,UP,86117.04,86111.50,5.54,0.0064%,10,0,2.1000,0.0000,2.1000,10.0000,0.0000,10.0000,7.9000,376.19%
0xa850ac6ec96c51,DOWN,85891.18,86089.58,-198.40,-0.2305%,20,20,8.2000,13.0000,21.2000,0.0000,20.0000,20.0000,-1.2000,-5.66%
0xfeacc7018a66bd,UP,85902.99,85817.31,85.68,0.0998%,70,10,34.3000,3.9000,38.2000,70.0000,0.0000,70.0000,31.8000,83.25%
0xe63e731d4b86d5,UP,85982.88,85873.44,109.44,0.1274%,50,0,24.9000,0.0000,24.9000,50.0000,0.0000,50.0000,25.1000,100.80%
0x52a8bcb0593764,DOWN,86001.02,86310.43,-309.41,-0.3585%,20,10,3.6000,5.7000,9.3000,0.0000,10.0000,10.0000,0.7000,7.53%
0x4457db92df48c7,UP,86103.21,85994.66,108.55,0.1262%,10,0,4.5000,0.0000,4.5000,10.0000,0.0000,10.0000,5.5000,122.22%
0x42eb03414bf8ca,DOWN,85961.99,86201.37,-239.38,-0.2777%,0,20,0.0000,11.4000,11.4000,0.0000,20.0000,20.0000,8.6000,75.44%
0xf2355ad3428554,UP,86125.49,85966.91,158.58,0.1845%,40,10,24.0000,1.4000,25.4000,40.0000,0.0000,40.0000,14.6000,57.48%
0x3ddb827e428612,UP,86492.98,86091.07,401.91,0.4668%,40,0,19.2000,0.0000,19.2000,40.0000,0.0000,40.0000,20.8000,108.33%
0xbdfa5907e20868,DOWN,86416.19,86463.47,-47.28,-0.0547%,70,0,30.3000,0.0000,30.3000,0.0000,0.0000,0.0000,-30.3000,-100.00%
0x10777f0bbc12d4,UP,86618.34,86492.24,126.10,0.1458%,50,10,27.5000,1.8000,29.3000,50.0000,0.0000,50.0000,20.7000,70.65%
0x443f1b69aec742,UP,86858.55,86802.87,55.68,0.0641%,100,0,57.4000,0.0000,57.4000,100.0000,0.0000,100.0000,42.6000,74.22%
0x229c4be59a3093,DOWN,86765.43,86814.84,-49.41,-0.0569%,100,0,32.3000,0.0000,32.3000,0.0000,0.0000,0.0000,-32.3000,-100.00%
0xdf4fe505cb32b7,UP,86483.69,86430.64,53.05,0.0614%,90,0,44.8000,0.0000,44.8000,90.0000,0.0000,90.0000,45.2000,100.89%
0xb151b91ee148f1,UP,86791.89,86612.09,179.80,0.2076%,80,0,43.5000,0.0000,43.5000,80.0000,0.0000,80.0000,36.5000,83.91%
0x9744b57a079ab1,DOWN,86820.00,86939.23,-119.23,-0.1371%,100,0,30.6000,0.0000,30.6000,0.0000,0.0000,0.0000,-30.6000,-100.00%
0x15a522ef8afdf4,UP,87372.43,86979.50,392.93,0.4518%,40,0,26.2000,0.0000,26.2000,40.0000,0.0000,40.0000,13.8000,52.67%
0x9e6478d797228a,DOWN,87280.95,87336.19,-55.24,-0.0632%,80,0,22.5000,0.0000,22.5000,0.0000,0.0000,0.0000,-22.5000,-100.00%
0x388e22fa312e1b,UP,87341.35,87243.98,97.37,0.1116%,40,0,20.3000,0.0000,20.3000,40.0000,0.0000,40.0000,19.7000,97.04%
0xd3a2bffc81ea01,UP,87343.32,87333.28,10.04,0.0115%,100,10,43.2000,3.3000,46.5000,100.0000,0.0000,100.0000,53.5000,115.05%
0x573f5538669427,UP,87341.95,87304.40,37.55,0.0430%,100,0,28.5000,0.0000,28.5000,100.0000,0.0000,100.0000,71.5000,250.88%
0xf6ba470672ef5e,DOWN,87124.59,87308.70,-184.11,-0.2109%,50,0,22.1000,0.0000,22.1000,0.0000,0.0000,0.0000,-22.1000,-100.00%
0x43b06b1e274a56,UP,87185.99,87086.82,99.17,0.1139%,100,10,54.6000,4.2000,58.8000,100.0000,0.0000,100.0000,41.2000,70.07%
0xe2f3b13a5e1d41,UP,87300.74,87102.64,198.10,0.2274%,60,0,41.8000,0.0000,41.8000,60.0000,0.0000,60.0000,18.2000,43.54%
0x3baa968b498e9d,DOWN,87159.79,87229.07,-69.28,-0.0794%,80,10,48.8000,3.3000,52.1000,0.0000,10.0000,10.0000,-42.1000,-80.81%
0x7196b7931595ca,UP,87360.01,87097.67,262.34,0.3012%,10,0,5.8000,0.0000,5.8000,10.0000,0.0000,10.0000,4.2000,72.41%
0xa9cbc8c7ff2841,UP,87899.99,87218.57,681.42,0.7813%,10,0,5.7000,0.0000,5.7000,10.0000,0.0000,10.0000,4.3000,75.44%
0x7efc3d1eb3aece,DOWN,87637.61,87860.17,-222.56,-0.2533%,0,10,0.0000,5.9000,5.9000,0.0000,10.0000,10.0000,4.1000,69.49%
0xec95a59f6b3dfe,UP,88764.37,87606.23,1158.14,1.3220%,20,0,16.3000,0.0000,16.3000,20.0000,0.0000,20.0000,3.7000,22.70%
0x231b5f9dff97da,UP,88851.70,88724.89,126.81,0.1429%,90,0,61.6000,0.0000,61.6000,90.0000,0.0000,90.0000,28.4000,46.10%
0x679e430c2080fb,DOWN,88144.70,88801.20,-656.50,-0.7393%,30,10,21.1000,5.6000,26.7000,0.0000,10.0000,10.0000,-16.7000,-62.55%
0x0375a97ab488f5,UP,88518.37,88104.67,413.70,0.4696%,20,0,12.8000,0.0000,12.8000,20.0000,0.0000,20.0000,7.2000,56.25%
0xf85886e51da15d,DOWN,87826.78,88473.73,-646.95,-0.7312%,30,30,11.6000,17.1000,28.7000,0.0000,30.0000,30.0000,1.3000,4.53%
0x28dd68070e5774,DOWN,88101.00,88300.64,-199.64,-0.2261%,10,0,6.0000,0.0000,6.0000,0.0000,0.0000,0.0000,-6.0000,-100.00%
0x8fe14635e71ab1,UP,88599.94,88056.79,543.15,0.6168%,30,10,15.6000,4.3000,19.9000,30.0000,0.0000,30.0000,10.1000,50.75%
0x44a18e35cf4e96,UP,89077.12,88540.82,536.30,0.6057%,20,10,10.6000,5.7000,16.3000,20.0000,0.0000,20.0000,3.7000,22.70%
0x123bc99b52fd4f,DOWN,88186.87,88458.82,-271.95,-0.3074%,30,0,9.0000,0.0000,9.0000,0.0000,0.0000,0.0000,-9.0000,-100.00%
0x094bc742eb2298,UP,86723.23,86435.08,288.15,0.3334%,50,10,25.1000,4.4000,29.5000,50.0000,0.0000,50.0000,20.5000,69.49%
0x1327722348551b,DOWN,86397.42,86669.59,-272.17,-0.3140%,40,10,10.4000,5.3000,15.7000,0.0000,10.0000,10.0000,-5.7000,-36.31%
0x3f35091578c732,UP,85151.46,84439.58,711.88,0.8431%,20,0,13.8000,0.0000,13.8000,20.0000,0.0000,20.0000,6.2000,44.93%
0xf75777f7d5d6c2,UP,85159.52,84631.91,527.61,0.6234%,10,0,5.7000,0.0000,5.7000,10.0000,0.0000,10.0000,4.3000,75.44%
0x8da591c9e87610,DOWN,85315.86,85411.97,-96.11,-0.1125%,30,30,16.4000,13.7000,30.1000,0.0000,30.0000,30.0000,-0.1000,-0.33%
0xb38fe10dcfe144,DOWN,85390.17,85584.35,-194.18,-0.2269%,80,10,30.8000,4.7000,35.5000,0.0000,10.0000,10.0000,-25.5000,-71.83%
0x88f999056e9fdc,UP,85500.01,85335.44,164.57,0.1929%,60,0,27.0000,0.0000,27.0000,60.0000,0.0000,60.0000,33.0000,122.22%
0x9430688c7e5890,UP,85588.11,85452.87,135.24,0.1583%,40,0,25.6000,0.0000,25.6000,40.0000,0.0000,40.0000,14.4000,56.25%
0x5c36f59d12a68e,UP,85582.88,85537.84,45.04,0.0527%,40,0,21.6000,0.0000,21.6000,40.0000,0.0000,40.0000,18.4000,85.19%
0x95a900e1932461,DOWN,85493.48,85572.85,-79.37,-0.0927%,50,0,9.9000,0.0000,9.9000,0.0000,0.0000,0.0000,-9.9000,-100.00%
0x84248082e51462,UP,85494.22,85463.41,30.81,0.0360%,80,10,37.6000,4.2000,41.8000,80.0000,0.0000,80.0000,38.2000,91.39%
0xb8eb698406edd0,DOWN,85300.33,85372.35,-72.02,-0.0844%,100,0,34.5000,0.0000,34.5000,0.0000,0.0000,0.0000,-34.5000,-100.00%
0x81912f496f98d6,UP,85604.88,85252.59,352.29,0.4132%,20,0,11.4000,0.0000,11.4000,20.0000,0.0000,20.0000,8.6000,75.44%
0x335f4d54a7a65a,DOWN,85442.00,85559.51,-117.51,-0.1373%,30,10,2.4000,5.9000,8.3000,0.0000,10.0000,10.0000,1.7000,20.48%
0xd3bf5512fb76ae,DOWN,85167.34,85396.71,-229.37,-0.2686%,70,10,19.3000,3.3000,22.6000,0.0000,10.0000,10.0000,-12.6000,-55.75%
0x59c24aa70599aa,UP,85336.49,85120.78,215.71,0.2534%,50,0,32.6000,0.0000,32.6000,50.0000,0.0000,50.0000,17.4000,53.37%
0x2d62107b52fe71,UP,85320.43,85288.59,31.84,0.0373%,70,10,32.6000,4.5000,37.1000,70.0000,0.0000,70.0000,32.9000,88.68%
0x41a5ce73ab3199,DOWN,85234.01,85279.76,-45.75,-0.0537%,100,0,19.8000,0.0000,19.8000,0.0000,0.0000,0.0000,-19.8000,-100.00%
0xa4f3a3902a24a5,UP,85522.69,85196.74,325.95,0.3826%,30,0,18.1000,0.0000,18.1000,30.0000,0.0000,30.0000,11.9000,65.75%
0xcfc42653a68f30,UP,85603.27,85471.76,131.51,0.1539%,90,0,33.2000,0.0000,33.2000,90.0000,0.0000,90.0000,56.8000,171.08%
0xa37b979447eb9b,UP,86361.99,85595.78,766.21,0.8951%,30,0,16.1000,0.0000,16.1000,30.0000,0.0000,30.0000,13.9000,86.34%
0xe1e6cf9882fb31,UP,87146.04,86311.51,834.53,0.9669%,60,0,26.4000,0.0000,26.4000,60.0000,0.0000,60.0000,33.6000,127.27%
0xf4b2a8d3588f0e,DOWN,87041.93,87075.35,-33.42,-0.0384%,100,0,58.7000,0.0000,58.7000,0.0000,0.0000,0.0000,-58.7000,-100.00%
0x06fdc11c0844b6,DOWN,86891.39,86986.37,-94.98,-0.1092%,60,10,26.0000,6.7000,32.7000,0.0000,10.0000,10.0000,-22.7000,-69.42%
0x9b8caab83324a9,DOWN,86992.03,87041.09,-49.06,-0.0564%,100,0,35.9000,0.0000,35.9000,0.0000,0.0000,0.0000,-35.9000,-100.00%
0x4c0b5520b9fb4f,DOWN,86764.94,86935.01,-170.07,-0.1956%,60,0,11.4000,0.0000,11.4000,0.0000,0.0000,0.0000,-11.4000,-100.00%
0x5e6cc6d550653d,UP,87483.41,87081.05,402.36,0.4620%,80,0,38.1000,0.0000,38.1000,80.0000,0.0000,80.0000,41.9000,109.97%
0xf40f9355e7930d,UP,87938.08,87681.93,256.15,0.2921%,30,0,19.3000,0.0000,19.3000,30.0000,0.0000,30.0000,10.7000,55.44%
0x16dca4acacd4da,UP,88287.73,88239.90,47.83,0.0542%,100,0,45.9000,0.0000,45.9000,100.0000,0.0000,100.0000,54.1000,117.86%
0xc52b80a33da1ac,UP,88203.02,88141.87,61.15,0.0694%,70,0,28.7000,0.0000,28.7000,70.0000,0.0000,70.0000,41.3000,143.90%
0xdf004b582683d2,UP,88002.05,87807.89,194.16,0.2211%,50,0,34.7000,0.0000,34.7000,50.0000,0.0000,50.0000,15.3000,44.09%
0x011d8271f25990,UP,88501.78,87976.06,525.72,0.5976%,30,40,8.1000,24.7000,32.8000,30.0000,0.0000,30.0000,-2.8000,-8.54%
0x1879a0d44ddec0,DOWN,88180.01,88443.19,-263.18,-0.2976%,0,20,0.0000,12.2000,12.2000,0.0000,20.0000,20.0000,7.8000,63.93%
0x4716ee01271720,UP,88762.41,88127.17,635.24,0.7208%,30,0,16.1000,0.0000,16.1000,30.0000,0.0000,30.0000,13.9000,86.34%
0x37638d6e95b62a,DOWN,88192.12,88716.58,-524.46,-0.5912%,10,0,4.5000,0.0000,4.5000,0.0000,0.0000,0.0000,-4.5000,-100.00%
0xd96a54dbf804ee,DOWN,88039.69,88144.07,-104.38,-0.1184%,30,10,12.5000,4.6000,17.1000,0.0000,10.0000,10.0000,-7.1000,-41.52%
0xe208ce0764d6ed,DOWN,87951.87,87996.00,-44.13,-0.0501%,40,0,5.6000,0.0000,5.6000,0.0000,0.0000,0.0000,-5.6000,-100.00%
0x66ad0e57e056ad,UP,88380.00,87911.18,468.82,0.5333%,10,0,5.1000,0.0000,5.1000,10.0000,0.0000,10.0000,4.9000,96.08%
0x75710e66ece252,DOWN,86943.25,87066.87,-123.62,-0.1420%,40,20,23.2000,4.1000,27.3000,0.0000,20.0000,20.0000,-7.3000,-26.74%
0x148c3cb99518ae,UP,87193.50,86893.74,299.76,0.3450%,20,0,12.5000,0.0000,12.5000,20.0000,0.0000,20.0000,7.5000,60.00%
0x7ee05aad886029,UP,87297.48,87103.05,194.43,0.2232%,10,0,6.4000,0.0000,6.4000,10.0000,0.0000,10.0000,3.6000,56.25%
0xfcd9b0021676b1,UP,87658.01,87235.01,423.00,0.4849%,40,0,27.4000,0.0000,27.4000,40.0000,0.0000,40.0000,12.6000,45.99%